pathway,cluster_order
Toll-like Receptor Cascades,1
Extracellular matrix organization,1
Collagen formation,1
The citric acid (TCA) cycle and respiratory electron transport,2
PI-3K cascade:FGFR2,2
Signaling by Receptor Tyrosine Kinases,2
Cellular responses to stress,2
Autophagy,2
Vesicle-mediated transport,2
KEAP1-NFE2L2 pathway,2
Signal Transduction,2
Glycosaminoglycan metabolism,3
EPH-ephrin mediated repulsion of cells,3
Dissolution of Fibrin Clot,3
Sphingolipid metabolism,3
Toll-like Receptor Cascades,9
Neutrophil degranulation,9
Innate Immune System,9
Metabolism of water-soluble vitamins and cofactors,9
